-- ═══════════════════════════════════════════════════════════════════════
--  رزرونو — SEED داده‌ی دمو (نمونه، نه واقعی)
--
--  ⚠️ مهم: همه‌ی این رستوران‌ها واضحاً نمونه‌اند، نه کسب‌وکارهای واقعی.
--     هیچ‌کدام مشتری واقعیِ پولی نیستند. فقط برای دمو/تست محیط.
--     همه زیر یک tenant با پیشوند [DEMO] قرار دارند تا قابل‌تشخیص و
--     قابل‌حذف باشند. برای پاک‌سازی: prisma/seed/demo-cleanup.sql را اجرا کن.
--
--  این داده را هرگز روی محیطی که قرار است رستوران‌های واقعی ببینند نگذار،
--  مگر اینکه واضح باشد که نمونه‌اند (که اسم‌ها این را نشان می‌دهند).
-- ═══════════════════════════════════════════════════════════════════════

INSERT INTO tenants (id, name, plan) VALUES
  ('d0000000-0000-0000-0000-000000000001', '[DEMO] محیط نمونه', 'pro')
ON CONFLICT (id) DO NOTHING;

INSERT INTO restaurants (id, tenant_id, slug, name, cuisine, vibes, price_band, club_prefix, slot_minutes, timezone) VALUES
  ('d1000000-0000-0000-0000-000000000001', 'd0000000-0000-0000-0000-000000000001', 'demo-cafe-nemoone', 'کافه نمونه (دمو)', 'کافه', ARRAY['دنج','مدرن'], 2, 'DC', 90, 'Asia/Tehran'),
  ('d1000000-0000-0000-0000-000000000002', 'd0000000-0000-0000-0000-000000000001', 'demo-bistro-test', 'بیسترو تستی (دمو)', 'ایتالیایی', ARRAY['رمانتیک','شیک'], 3, 'DB', 120, 'Asia/Tehran'),
  ('d1000000-0000-0000-0000-000000000003', 'd0000000-0000-0000-0000-000000000001', 'demo-resto-sample', 'رستوران دمو شماره ۳', 'ایرانی', ARRAY['خانوادگی','سنتی'], 2, 'DR', 90, 'Asia/Tehran')
ON CONFLICT (id) DO NOTHING;

INSERT INTO tables (restaurant_id, number, name, capacity, min_party_size, max_party_size, zone, is_vip) VALUES
  ('d1000000-0000-0000-0000-000000000001', 1, 'کنار پنجره', 2, 1, 2, 'window', false),
  ('d1000000-0000-0000-0000-000000000001', 2, 'میز وسط', 4, 2, 4, 'indoor', false),
  ('d1000000-0000-0000-0000-000000000001', 3, 'تراس', 4, 2, 6, 'outdoor', false),
  ('d1000000-0000-0000-0000-000000000001', 4, 'میز VIP', 6, 4, 8, 'vip', true),
  ('d1000000-0000-0000-0000-000000000002', 1, 'میز زوج', 2, 1, 2, 'window', false),
  ('d1000000-0000-0000-0000-000000000002', 2, 'سالن اصلی', 4, 2, 4, 'indoor', false),
  ('d1000000-0000-0000-0000-000000000002', 3, 'اتاق خصوصی', 8, 4, 10, 'vip', true),
  ('d1000000-0000-0000-0000-000000000003', 1, 'میز ۱', 4, 1, 4, 'indoor', false),
  ('d1000000-0000-0000-0000-000000000003', 2, 'میز ۲', 4, 2, 4, 'indoor', false),
  ('d1000000-0000-0000-0000-000000000003', 3, 'میز خانوادگی', 6, 3, 8, 'indoor', false)
ON CONFLICT (restaurant_id, number) DO NOTHING;

INSERT INTO menu_items (restaurant_id, name, emoji, price_toman, is_active) VALUES
  ('d1000000-0000-0000-0000-000000000001', 'قهوه اسپرسو', '☕', 85000, true),
  ('d1000000-0000-0000-0000-000000000001', 'کاپوچینو', '☕', 110000, true),
  ('d1000000-0000-0000-0000-000000000001', 'چیزکیک', '🍰', 165000, true),
  ('d1000000-0000-0000-0000-000000000001', 'سالاد سزار', '🥗', 220000, true),
  ('d1000000-0000-0000-0000-000000000002', 'پاستا کاربونارا', '🍝', 380000, true),
  ('d1000000-0000-0000-0000-000000000002', 'پیتزا مارگاریتا', '🍕', 420000, true),
  ('d1000000-0000-0000-0000-000000000002', 'ریزوتو قارچ', '🍚', 350000, true),
  ('d1000000-0000-0000-0000-000000000002', 'تیرامیسو', '🍮', 195000, true),
  ('d1000000-0000-0000-0000-000000000003', 'چلوکباب کوبیده', '🍢', 480000, true),
  ('d1000000-0000-0000-0000-000000000003', 'جوجه کباب', '🍗', 420000, true),
  ('d1000000-0000-0000-0000-000000000003', 'قورمه سبزی', '🍲', 360000, true),
  ('d1000000-0000-0000-0000-000000000003', 'دوغ محلی', '🥛', 45000, true);
